{"mean":{"confidence_interval":{"confidence_level":0.95,"lower_bound":0.6304012096343239,"upper_bound":0.6824351431345015},"point_estimate":0.6585212803260989,"standard_error":0.013262966947011998},"median":{"confidence_interval":{"confidence_level":0.95,"lower_bound":0.6942689356613279,"upper_bound":0.7153629640071857},"point_estimate":0.7066817491561168,"standard_error":0.005617302391449585}}